-1.08E-03,6.31846728,42.25251095
-1.08E-03,6.25314064,42.0263803
-1.08E-03,6.27826627,43.23241043
-1.08E-03,6.29836677,42.70477225
-1.08E-03,6.31846728,43.23241043
-1.08E-03,6.25314064,43.15703355
-1.08E-03,6.25314064,42.85552602
-1.07E-03,6.29836677,42.70477225
-1.07E-03,6.25314064,43.23241043
-1.07E-03,6.32851753,43.23241043
-1.07E-03,6.33354265,43.23241043
-1.07E-03,6.25314064,42.0263803
-1.07E-03,6.26821602,42.0263803
-1.07E-03,6.25816577,42.10175718
-1.07E-03,6.27826627,43.23241043
-1.07E-03,6.25314064,42.70477225
-1.07E-03,6.26821602,42.0263803
-1.06E-03,6.25816577,43.23241043
-1.06E-03,6.27826627,43.23241043
-1.06E-03,6.29836677,42.70477225
-1.06E-03,6.25314064,43.23241043
-1.06E-03,6.25314064,43.23241043
-1.06E-03,6.27826627,42.0263803
-1.06E-03,6.25314064,42.0263803
-1.06E-03,6.26821602,43.00627978
-1.06E-03,6.25816577,43.23241043
-1.06E-03,6.27826627,42.40326472
-1.05E-03,6.25314064,42.0263803
-1.05E-03,6.25314064,43.00627978
-1.05E-03,6.32851753,43.15703355
-1.05E-03,6.25314064,42.0263803
-1.05E-03,6.29836677,42.70477225
-1.05E-03,6.25314064,43.00627978
-1.05E-03,6.25816577,43.23241043
-1.05E-03,6.25314064,43.23241043
-1.05E-03,6.33354265,42.55401848
-1.05E-03,6.31846728,42.0263803
-1.04E-03,6.25816577,42.10175718
-1.04E-03,6.25314064,43.23241043
-1.04E-03,6.28831652,43.23241043
-1.04E-03,6.33354265,43.00627978
-1.04E-03,6.32851753,43.15703355
-1.04E-03,6.27826627,43.23241043
-1.04E-03,6.29836677,42.70477225
-1.04E-03,6.25314064,43.23241043
-1.04E-03,6.33354265,42.0263803
-1.04E-03,6.27826627,42.0263803
-1.03E-03,6.25314064,43.23241043
-1.03E-03,6.31846728,43.00627978
-1.03E-03,6.25816577,42.10175718
-1.03E-03,6.25314064,42.0263803
-1.03E-03,6.20791451,42.0263803
-1.03E-03,6.26821602,42.25251095
-1.03E-03,6.25314064,42.10175718
-1.03E-03,6.27826627,42.0263803
-1.03E-03,6.29836677,42.0263803
-1.03E-03,6.25314064,42.0263803
-1.02E-03,6.25314064,42.10175718
-1.02E-03,6.30841702,42.0263803
-1.02E-03,6.29836677,43.23241043
-1.02E-03,6.25314064,43.00627978
-1.02E-03,6.32851753,43.15703355
-1.02E-03,6.30841702,42.85552602
-1.02E-03,6.28831652,42.55401848
-1.02E-03,6.25314064,42.0263803
-1.02E-03,6.33354265,42.10175718
-1.02E-03,6.30841702,42.0263803
-1.01E-03,6.28831652,42.55401848
-1.01E-03,6.33354265,42.25251095
-1.01E-03,6.32851753,43.23241043
-1.01E-03,6.27826627,42.0263803
-1.01E-03,6.28831652,42.0263803
-1.01E-03,6.26821602,42.0263803
-1.01E-03,6.32851753,42.0263803
-1.01E-03,6.25314064,43.23241043
-1.01E-03,6.29836677,42.70477225
-1.01E-03,6.26821602,42.25251095
-1.00E-03,6.33354265,42.10175718
-1.00E-03,6.25314064,-3.95E+01
-1.00E-03,6.25314064,-5.08E+01
-1.00E-03,6.17273863,-5.06E+01
-1.00E-03,6.17273863,-5.08E+01
-9.99E-04,6.09233662,-5.05E+01
-9.98E-04,6.05716075,-5.03E+01
-9.97E-04,6.01193462,-5.08E+01
-9.96E-04,6.01193462,-5.20E+01
-9.95E-04,5.98680899,-5.08E+01
-9.94E-04,5.93153261,-5.08E+01
-9.93E-04,5.8511306,-5.11E+01
-9.92E-04,5.8511306,-5.08E+01
-9.91E-04,5.82600497,-5.08E+01
-9.90E-04,5.77072859,-5.15E+01
-9.89E-04,5.75565321,-5.08E+01
-9.88E-04,5.77072859,-5.08E+01
-9.87E-04,5.69032658,-5.08E+01
-9.86E-04,5.60992457,-5.08E+01
-9.85E-04,5.60992457,-5.08E+01
-9.84E-04,5.60992457,-5.20E+01
-9.83E-04,5.52952256,-5.08E+01
-9.82E-04,5.52952256,-5.14E+01
-9.81E-04,5.51444718,-5.08E+01
-9.80E-04,5.37374367,-5.20E+01
-9.79E-04,5.42399492,-5.12E+01
-9.78E-04,5.36871854,-5.14E+01
-9.77E-04,5.36871854,-5.18E+01
-9.76E-04,5.29334166,-5.08E+01
-9.75E-04,5.25816578,-5.12E+01
-9.74E-04,5.28831653,-5.20E+01
-9.73E-04,5.20791452,-5.08E+01
-9.72E-04,5.2028894,-4.97E+01
-9.71E-04,5.12751251,-5.12E+01
-9.70E-04,5.08228638,-5.08E+01
-9.69E-04,5.04711051,-5.08E+01
-9.68E-04,5.04711051,-5.20E+01
-9.67E-04,5.04711051,-5.17E+01
-9.66E-04,5.00188438,-5.15E+01
-9.65E-04,4.9667085,-5.18E+01
-9.64E-04,4.9667085,-5.08E+01
-9.63E-04,4.88630649,-5.08E+01
-9.62E-04,4.85113061,-5.08E+01
-9.61E-04,4.80590448,-5.18E+01
-9.60E-04,4.80590448,-5.08E+01
-9.59E-04,4.72550247,-5.08E+01
-9.58E-04,4.72550247,-5.03E+01
-9.57E-04,4.72550247,-5.08E+01
-9.56E-04,4.64510046,-5.08E+01
-9.55E-04,4.64510046,-5.17E+01
-9.54E-04,4.64510046,-5.08E+01
-9.53E-04,4.57977383,-5.08E+01
-9.52E-04,4.56469845,-5.08E+01
-9.51E-04,4.61997483,-5.12E+01
-9.50E-04,4.51947232,-5.08E+01
-9.49E-04,4.41896981,-5.06E+01
-9.48E-04,4.40891956,-5.09E+01
-9.47E-04,4.40389443,-5.08E+01
-9.46E-04,4.43907031,-5.14E+01
-9.45E-04,4.3385678,-5.08E+01
-9.44E-04,4.32349242,-5.08E+01
-9.43E-04,4.32349242,-5.17E+01
-9.42E-04,4.28831654,-5.15E+01
-9.41E-04,4.25816579,-5.08E+01
-9.40E-04,4.24309041,-5.08E+01
-9.39E-04,4.21796479,-5.17E+01
-9.38E-04,4.1626884,-5.20E+01
-9.37E-04,4.1626884,-5.11E+01
-9.36E-04,4.1626884,-5.09E+01
-9.35E-04,4.13756278,-5.12E+01
-9.34E-04,4.0822864,-5.08E+01
-9.33E-04,4.0822864,-5.11E+01
-9.32E-04,4.07726127,-5.20E+01
-9.31E-04,4.00188439,-5.00E+01
-9.30E-04,4.00188439,-5.15E+01
-9.29E-04,3.92148238,-5.08E+01
-9.28E-04,3.92148238,-5.20E+01
-9.27E-04,3.92148238,-5.12E+01
-9.26E-04,3.92148238,-5.08E+01
-9.25E-04,3.92148238,-5.08E+01
-9.24E-04,3.84108037,-5.08E+01
-9.23E-04,3.81595474,-5.17E+01
-9.22E-04,3.80590449,-5.14E+01
-9.21E-04,3.76067836,-5.08E+01
-9.20E-04,3.83605524,-5.08E+01
-9.19E-04,3.76067836,-5.08E+01
-9.18E-04,3.71545223,-5.08E+01
-9.17E-04,3.74560298,-5.18E+01
-9.16E-04,3.67525122,-5.08E+01
-9.15E-04,3.65515072,-5.12E+01
-9.14E-04,3.68027635,-5.08E+01
-9.13E-04,3.58479896,-5.08E+01
-9.12E-04,3.59484921,-5.08E+01
-9.11E-04,3.59987434,-5.08E+01
-9.10E-04,3.4742462,-5.08E+01
-9.09E-04,3.51947233,-5.11E+01
-9.08E-04,3.51947233,-5.20E+01
-9.07E-04,3.51947233,-5.12E+01
-9.06E-04,3.43907032,-5.08E+01
-9.05E-04,3.43907032,-5.08E+01
-9.04E-04,3.35866831,-5.08E+01
-9.03E-04,3.35866831,-5.08E+01
-9.02E-04,3.35866831,-5.08E+01
-9.01E-04,3.29334168,-5.18E+01
-9.00E-04,3.28329143,-5.09E+01
-8.99E-04,3.35866831,-5.12E+01
-8.98E-04,3.2782663,-5.14E+01
-8.97E-04,3.21293967,-5.08E+01
-8.96E-04,3.19786429,-5.20E+01
-8.95E-04,3.19786429,-5.08E+01
-8.94E-04,3.19786429,-5.20E+01
-8.93E-04,3.19786429,-5.08E+01
-8.92E-04,3.19786429,-5.08E+01
-8.91E-04,3.11746228,-5.17E+01
-8.90E-04,3.11746228,-5.15E+01
-8.89E-04,3.11746228,-5.08E+01
-8.88E-04,3.11746228,-5.20E+01
-8.87E-04,3.0621859,-5.12E+01
-8.86E-04,3.08228641,-5.08E+01
-8.85E-04,3.03706028,-5.18E+01
-8.84E-04,3.03706028,-5.09E+01
-8.83E-04,2.95665827,-5.12E+01
-8.82E-04,2.95665827,-5.08E+01
-8.81E-04,2.95665827,-5.08E+01
-8.80E-04,2.95665827,-5.20E+01
-8.79E-04,2.90138189,-5.17E+01
-8.78E-04,2.87625626,-5.15E+01
-8.77E-04,2.87625626,-5.18E+01
-8.76E-04,2.87625626,-5.09E+01
-8.75E-04,2.87625626,-5.12E+01
-8.74E-04,2.84108038,-5.20E+01
-8.73E-04,2.81092962,-5.08E+01
-8.72E-04,2.79585425,-5.20E+01
-8.71E-04,2.74057787,-5.17E+01
-8.70E-04,2.71545224,-5.08E+01
-8.69E-04,2.73052762,-5.11E+01
-8.68E-04,2.71545224,-5.20E+01
-8.67E-04,2.71545224,-5.08E+01
-8.66E-04,2.68027636,-5.08E+01
-8.65E-04,2.63505023,-5.08E+01
-8.64E-04,2.63505023,-5.09E+01
-8.63E-04,2.57977385,-5.08E+01
-8.62E-04,2.63505023,-5.15E+01
-8.61E-04,2.5697236,-5.08E+01
-8.60E-04,2.6300251,-5.20E+01
-8.59E-04,2.55464822,-5.17E+01
-8.58E-04,2.5898241,-5.08E+01
-8.57E-04,2.55464822,-5.08E+01
-8.56E-04,2.47927134,-5.08E+01
-8.55E-04,2.52952259,-5.08E+01
-8.54E-04,2.47424621,-5.15E+01
-8.53E-04,2.48932159,-5.08E+01
-8.52E-04,2.46922109,-4.98E+01
-8.51E-04,2.44912058,-5.12E+01
-8.50E-04,2.3938442,-5.08E+01
-8.49E-04,2.3938442,-5.11E+01
-8.48E-04,2.39886933,-5.08E+01
-8.47E-04,2.33856782,-5.08E+01
-8.46E-04,2.35866832,-5.15E+01
-8.45E-04,2.31344219,-5.08E+01
-8.44E-04,2.31344219,-5.09E+01
-8.43E-04,2.31344219,-5.05E+01
-8.42E-04,2.31344219,-5.08E+01
-8.41E-04,2.29836682,-5.18E+01
-8.40E-04,2.23806531,-5.08E+01
-8.39E-04,2.25816581,-5.08E+01
-8.38E-04,2.23304018,-5.08E+01
-8.37E-04,2.23304018,-5.18E+01
-8.36E-04,2.22801506,-5.20E+01
-8.35E-04,2.1777638,-5.12E+01
-8.34E-04,2.23304018,-5.14E+01
-8.33E-04,2.15263817,-5.08E+01
-8.32E-04,2.15263817,-5.08E+01
-8.31E-04,2.15263817,-5.08E+01
-8.30E-04,2.1174623,-5.08E+01
-8.29E-04,2.15263817,-5.08E+01
-8.28E-04,2.07726129,-5.08E+01
-8.27E-04,2.09736179,-5.08E+01
-8.26E-04,2.07223617,-5.14E+01
-8.25E-04,2.02198491,-5.08E+01
-8.24E-04,1.99183416,-5.20E+01
-8.23E-04,2.01695978,-5.08E+01
-8.22E-04,2.02701004,-5.08E+01
-8.21E-04,2.05716079,-5.08E+01
-8.20E-04,1.99183416,-5.09E+01
-8.19E-04,1.91143215,-5.08E+01
-8.18E-04,1.99183416,-5.08E+01
-8.17E-04,1.99183416,-5.08E+01
-8.16E-04,1.98680903,-5.08E+01
-8.15E-04,1.96670853,-5.08E+01
-8.14E-04,1.91143215,-5.14E+01
-8.13E-04,1.91143215,-5.08E+01
-8.12E-04,1.91143215,-5.20E+01
-8.11E-04,1.88630652,-5.08E+01
-8.10E-04,1.87625627,-5.03E+01
-8.09E-04,1.83103014,-5.08E+01
-8.08E-04,1.83605526,-5.20E+01
-8.07E-04,1.85615577,-5.12E+01
-8.06E-04,1.83103014,-5.14E+01
-8.05E-04,1.83103014,-5.06E+01
-8.04E-04,1.83103014,-5.08E+01
-8.03E-04,1.83103014,-5.08E+01
-8.02E-04,1.79585426,-5.15E+01
-8.01E-04,1.81595476,-5.18E+01
-8.00E-04,1.75062813,-5.09E+01
-7.99E-04,1.75062813,-5.08E+01
-7.98E-04,1.75062813,-5.14E+01
-7.97E-04,1.75062813,-5.20E+01
-7.96E-04,1.75062813,-5.20E+01
-7.95E-04,1.67022612,-5.20E+01
-7.94E-04,1.67022612,-5.14E+01
-7.93E-04,1.67022612,-5.08E+01
-7.92E-04,1.67022612,-5.08E+01
-7.91E-04,1.67022612,-5.08E+01
-7.90E-04,1.67022612,-5.08E+01
-7.89E-04,1.65515074,-5.08E+01
-7.88E-04,1.67022612,-5.08E+01
-7.87E-04,1.67022612,-5.08E+01
-7.86E-04,1.62499999,-5.08E+01
-7.85E-04,1.58982411,-5.18E+01
-7.84E-04,1.58982411,-5.20E+01
-7.83E-04,1.56469848,-5.12E+01
-7.82E-04,1.58982411,-5.15E+01
-7.81E-04,1.52449748,-5.08E+01
-7.80E-04,1.58982411,-5.08E+01
-7.79E-04,1.53454773,-5.12E+01
-7.78E-04,1.5094221,-5.14E+01
-7.77E-04,1.52449748,-5.08E+01
-7.76E-04,1.5094221,-5.19E+01
-7.75E-04,1.56469848,-5.12E+01
-7.74E-04,1.5094221,-5.02E+01
-7.73E-04,1.44409547,-5.11E+01
-7.72E-04,1.43404522,-5.08E+01
-7.71E-04,1.42902009,-5.08E+01
-7.70E-04,1.47424622,-5.02E+01
-7.69E-04,1.44409547,-5.11E+01
-7.68E-04,1.43404522,-5.08E+01
-7.67E-04,1.42902009,-5.17E+01
-7.66E-04,1.42902009,-5.08E+01
-7.65E-04,1.36369346,-5.08E+01
-7.64E-04,1.42902009,-5.20E+01
-7.63E-04,1.37374371,-5.12E+01
-7.62E-04,1.42902009,-5.15E+01
-7.61E-04,1.34861808,-5.18E+01
-7.60E-04,1.34861808,-5.08E+01
-7.59E-04,1.37374371,-5.08E+01
-7.58E-04,1.34861808,-5.20E+01
-7.57E-04,1.34861808,-4.99E+01
-7.56E-04,1.34861808,-5.08E+01
-7.55E-04,1.34861808,-5.08E+01
-7.54E-04,1.34861808,-5.14E+01
-7.53E-04,1.26821607,-5.18E+01
-7.52E-04,1.26821607,-5.08E+01
-7.51E-04,1.2933417,-5.08E+01
-7.50E-04,1.26821607,-5.08E+01
-7.49E-04,1.2531407,-5.08E+01
-7.48E-04,1.26821607,-5.08E+01
-7.47E-04,1.18781406,-5.12E+01
-7.46E-04,1.23304019,-5.14E+01
-7.45E-04,1.20288944,-5.06E+01
-7.44E-04,1.19283919,-5.08E+01
-7.43E-04,1.21293969,-5.08E+01
-7.42E-04,1.23304019,-5.15E+01
-7.41E-04,1.2531407,-4.99E+01
-7.40E-04,1.18781406,-5.20E+01
-7.39E-04,1.24309045,-5.08E+01
-7.38E-04,1.14258793,-5.14E+01
-7.37E-04,1.18781406,-5.11E+01
-7.36E-04,1.18278894,-5.08E+01
-7.35E-04,1.18781406,-5.12E+01
-7.34E-04,1.10741206,-5.08E+01
-7.33E-04,1.10741206,-5.08E+01
-7.32E-04,1.10741206,-5.20E+01
-7.31E-04,1.10741206,-5.17E+01
-7.30E-04,1.06218592,-5.08E+01
-7.29E-04,1.10741206,-5.11E+01
-7.28E-04,1.10741206,-5.08E+01
-7.27E-04,1.10741206,-5.17E+01
-7.26E-04,1.02701005,-5.15E+01
-7.25E-04,1.09233668,-5.18E+01
-7.24E-04,1.03203517,-5.09E+01
-7.23E-04,1.08228643,-5.12E+01
-7.22E-04,1.07223618,-5.14E+01
-7.21E-04,1.02701005,-5.18E+01
-7.20E-04,1.03203517,-5.09E+01
-7.19E-04,1.02701005,-5.08E+01
-7.18E-04,0.99183417,-5.08E+01
-7.17E-04,1.02701005,-4.99E+01
-7.16E-04,1.0973618,-5.08E+01
-7.15E-04,0.97173366,-5.08E+01
-7.14E-04,1.02701005,-5.08E+01
-7.13E-04,1.01193467,-5.18E+01
-7.12E-04,1.02701005,-5.08E+01
-7.11E-04,0.97173366,-5.08E+01
-7.10E-04,0.99183417,-5.08E+01
-7.09E-04,0.94660804,-5.08E+01
-7.08E-04,0.94660804,-5.20E+01
-7.07E-04,0.94660804,-5.17E+01
-7.06E-04,0.98178392,-5.08E+01
-7.05E-04,0.94660804,-5.08E+01
-7.04E-04,0.94660804,-5.08E+01
-7.03E-04,0.94660804,-5.17E+01
-7.02E-04,0.90138191,-5.14E+01
-7.01E-04,0.94660804,-5.11E+01
-7.00E-04,0.87123115,-5.08E+01
-6.99E-04,0.86620603,-5.17E+01
-6.98E-04,0.86620603,-5.14E+01
-6.97E-04,0.93153266,-5.08E+01
-6.96E-04,0.87123115,-5.20E+01
-6.95E-04,0.92148241,-5.08E+01
-6.94E-04,0.86620603,-5.15E+01
-6.93E-04,0.86620603,-5.08E+01
-6.92E-04,0.86620603,-5.08E+01
-6.91E-04,0.81092965,-5.17E+01
-6.90E-04,0.8209799,-5.14E+01
-6.89E-04,0.78580402,-5.08E+01
-6.88E-04,0.8611809,-5.08E+01
-6.87E-04,0.8410804,-5.20E+01
-6.86E-04,0.83103015,-5.08E+01
-6.85E-04,0.78580402,-5.08E+01
-6.84E-04,0.8611809,-5.08E+01
-6.83E-04,0.78580402,-5.12E+01
-6.82E-04,0.78580402,-5.08E+01
-6.81E-04,0.78580402,-5.08E+01
-6.80E-04,0.78580402,-5.20E+01
-6.79E-04,0.78580402,-5.08E+01
-6.78E-04,0.78580402,-5.08E+01
-6.77E-04,0.78580402,-5.08E+01
-6.76E-04,0.78580402,-5.20E+01
-6.75E-04,0.78580402,-5.08E+01
-6.74E-04,0.74057789,-5.14E+01
-6.73E-04,0.72047739,-5.18E+01
-6.72E-04,0.70540201,-5.20E+01
-6.71E-04,0.76067839,-5.08E+01
-6.70E-04,0.70540201,-5.15E+01
-6.69E-04,0.94660804,42.0263803
-6.68E-04,1.18781406,42.0263803
-6.67E-04,1.40389446,42.0263803
-6.66E-04,1.58982411,42.0263803
-6.65E-04,1.83103014,43.00627978
-6.64E-04,1.99183416,43.15703355
-6.63E-04,2.15263817,42.40326472
-6.62E-04,2.31344219,43.23241043
-6.61E-04,2.47424621,43.23241043
-6.60E-04,2.71042711,43.23241043
-6.59E-04,2.71545224,42.0263803
-6.58E-04,2.92148239,43.23241043
-6.57E-04,3.10238691,43.00627978
-6.56E-04,3.19786429,42.0263803
-6.55E-04,3.2782663,42.85552602
-6.54E-04,3.40389444,43.23241043
-6.53E-04,3.51947233,43.23241043
-6.52E-04,3.59987434,42.10175718
-6.51E-04,3.76067836,42.85552602
-6.50E-04,3.80590449,42.55401848
-6.49E-04,3.906407,42.25251095
-6.48E-04,4.00188439,42.0263803
-6.47E-04,4.0822864,43.60929485
-6.46E-04,4.1626884,42.55401848
-6.45E-04,4.24309041,43.23241043
-6.44E-04,4.3184673,43.15703355
-6.43E-04,4.40389443,42.85552602
-6.42E-04,4.44912056,43.23241043
-6.41E-04,4.48429644,43.00627978
-6.40E-04,4.56469845,42.0263803
-6.39E-04,4.61997483,43.23241043
-6.38E-04,4.69032659,42.70477225
-6.37E-04,4.72550247,43.23241043
-6.36E-04,4.80590448,43.23241043
-6.35E-04,4.86118086,43.23241043
-6.34E-04,4.84108036,42.55401848
-6.33E-04,4.95163312,43.00627978
-6.32E-04,5.04208538,42.0263803
-6.31E-04,5.04711051,43.23241043
-6.30E-04,5.04711051,42.55401848
-6.29E-04,5.17776377,43.23241043
-6.28E-04,5.13253764,42.0263803
-6.27E-04,5.20791452,42.85552602
-6.26E-04,5.20791452,43.23241043
-6.25E-04,5.28831653,42.0263803
-6.24E-04,5.29334166,42.10175718
-6.23E-04,5.36871854,42.85552602
-6.22E-04,5.36871854,42.55401848
-6.21E-04,5.38379392,43.00627978
-6.20E-04,5.44409543,43.15703355
-6.19E-04,5.39384417,42.40326472
-6.18E-04,5.52952256,42.55401848
-6.17E-04,5.52952256,43.23241043
-6.16E-04,5.52952256,42.10175718
-6.15E-04,5.52952256,42.40326472
-6.14E-04,5.60992457,43.23241043
-6.13E-04,5.60992457,43.00627978
-6.12E-04,5.68530145,43.23241043
-6.11E-04,5.6350502,42.40326472
-6.10E-04,5.69032658,43.23241043
-6.09E-04,5.69032658,42.25251095
-6.08E-04,5.76570346,43.15703355
-6.07E-04,5.77072859,43.23241043
-6.06E-04,5.77072859,43.23241043
-6.05E-04,5.77072859,42.25251095
-6.04E-04,5.77072859,42.0263803
-6.03E-04,5.79585422,43.23241043
-6.02E-04,5.8511306,42.55401848
-6.01E-04,5.83605522,43.23241043
-6.00E-04,5.8511306,43.23241043
-5.99E-04,5.79585422,43.23241043
-5.98E-04,5.89635673,42.70477225
-5.97E-04,5.8511306,42.25251095
-5.96E-04,5.93153261,43.23241043
-5.95E-04,5.93153261,42.85552602
-5.94E-04,5.93153261,42.70477225
-5.93E-04,5.93153261,42.25251095
-5.92E-04,5.85615572,43.15703355
-5.91E-04,5.95665823,42.0263803
-5.90E-04,5.96670849,42.70477225
-5.89E-04,5.93153261,43.00627978
-5.88E-04,5.93655773,42.10175718
-5.87E-04,6.01193462,43.23241043
-5.86E-04,6.01193462,42.70477225
-5.85E-04,6.01193462,43.23241043
-5.84E-04,6.01193462,42.0263803
-5.83E-04,6.01193462,42.85552602
-5.82E-04,6.01193462,42.70477225
-5.81E-04,6.02700999,43.23241043
-5.80E-04,6.09233662,42.10175718
-5.79E-04,6.067211,42.0263803
-5.78E-04,6.04711049,42.70477225
-5.77E-04,6.02700999,43.23241043
-5.76E-04,6.09233662,43.15703355
-5.75E-04,6.067211,42.0263803
-5.74E-04,6.09233662,42.70477225
-5.73E-04,6.09233662,43.00627978
-5.72E-04,6.09233662,43.23241043
-5.71E-04,6.14761301,42.0263803
-5.70E-04,6.13756276,42.70477225
-5.69E-04,6.107412,42.0263803
-5.68E-04,6.16771351,42.10175718
-5.67E-04,6.09233662,43.23241043
-5.66E-04,6.17273863,42.0263803
-5.65E-04,6.17273863,42.0263803
-5.64E-04,6.09736175,43.23241043
-5.63E-04,6.11746225,43.23241043
-5.62E-04,6.17273863,42.70477225
-5.61E-04,6.17273863,43.23241043
-5.60E-04,6.17273863,43.23241043
-5.59E-04,6.17273863,42.85552602
-5.58E-04,6.17273863,43.23241043
-5.57E-04,6.17273863,43.23241043
-5.56E-04,6.24811552,42.10175718
-5.55E-04,6.17273863,43.23241043
-5.54E-04,6.17273863,42.70477225
-5.53E-04,6.17273863,43.00627978
-5.52E-04,6.17273863,42.0263803
-5.51E-04,6.11746225,43.23241043
-5.50E-04,6.25314064,42.55401848
-5.49E-04,6.23806527,42.25251095
-5.48E-04,6.17776376,42.10175718
-5.47E-04,6.22801502,43.23241043
-5.46E-04,6.20791451,43.23241043
-5.45E-04,6.25314064,43.23241043
-5.44E-04,6.17273863,43.23241043
-5.43E-04,6.25314064,42.40326472
-5.42E-04,6.17273863,42.55401848
-5.41E-04,6.18781401,43.23241043
-5.40E-04,6.25314064,43.23241043
-5.39E-04,6.19786426,43.23241043
-5.38E-04,6.21796476,42.0263803
-5.37E-04,6.25314064,42.0263803
-5.36E-04,6.25314064,42.0263803
-5.35E-04,6.25314064,42.40326472
-5.34E-04,6.25314064,42.55401848
-5.33E-04,6.25314064,43.23241043
-5.32E-04,6.17776376,43.23241043
-5.31E-04,6.25314064,42.40326472
-5.30E-04,6.25314064,42.55401848
-5.29E-04,6.26821602,43.23241043
-5.28E-04,6.25314064,42.10175718
-5.27E-04,6.25314064,43.23241043
-5.26E-04,6.25314064,42.55401848
-5.25E-04,6.23806527,43.00627978
-5.24E-04,6.25314064,42.10175718
-5.23E-04,6.25314064,42.40326472
-5.22E-04,6.25314064,42.70477225
-5.21E-04,6.18781401,43.23241043
-5.20E-04,6.25314064,42.0263803
-5.19E-04,6.19786426,42.40326472
-5.18E-04,6.25314064,42.0263803
-5.17E-04,6.25314064,43.00627978
-5.16E-04,6.25314064,42.10175718
-5.15E-04,6.30841702,42.85552602
-5.14E-04,6.25314064,42.0263803
-5.13E-04,6.25314064,43.00627978
-5.12E-04,6.25314064,42.10175718
-5.11E-04,6.25314064,42.85552602
-5.10E-04,6.25314064,42.55401848
-5.09E-04,6.31846728,42.25251095
-5.08E-04,6.25314064,42.10175718
-5.07E-04,6.25314064,42.85552602
-5.06E-04,6.25314064,42.0263803
-5.05E-04,6.26821602,43.23241043
-5.04E-04,6.25314064,43.23241043
-5.03E-04,6.25314064,42.0263803
-5.02E-04,6.25314064,42.55401848
-5.01E-04,6.25314064,43.00627978
-5.00E-04,6.32851753,43.15703355
-4.99E-04,6.25314064,43.23241043
-4.98E-04,6.25314064,43.23241043
-4.97E-04,6.31846728,42.25251095
-4.96E-04,6.25314064,42.0263803
-4.95E-04,6.25314064,42.40326472
-4.94E-04,6.29836677,42.70477225
-4.93E-04,6.25314064,42.25251095
-4.92E-04,6.25314064,43.15703355
-4.91E-04,6.27826627,42.40326472
-4.90E-04,6.33354265,42.55401848
-4.89E-04,6.25314064,43.23241043
-4.88E-04,6.25314064,43.15703355
-4.87E-04,6.25314064,42.85552602
-4.86E-04,6.25314064,42.55401848
-4.85E-04,6.25314064,42.0263803
-4.84E-04,6.25816577,42.0263803
-4.83E-04,6.27826627,42.40326472
-4.82E-04,6.28831652,42.70477225
-4.81E-04,6.25314064,42.0263803
-4.80E-04,6.25314064,42.10175718
-4.79E-04,6.25314064,42.85552602
-4.78E-04,6.25314064,42.55401848
-4.77E-04,6.25314064,43.23241043
-4.76E-04,6.25314064,42.0263803
-4.75E-04,6.30841702,42.0263803
-4.74E-04,6.25314064,42.0263803
-4.73E-04,6.26821602,43.00627978
-4.72E-04,6.25314064,43.08165666
-4.71E-04,6.25314064,42.85552602
-4.70E-04,6.33354265,42.55401848
-4.69E-04,6.25314064,43.23241043
-4.68E-04,6.25314064,43.15703355
-4.67E-04,6.30841702,42.85552602
-4.66E-04,6.29836677,42.55401848
-4.65E-04,6.25314064,43.00627978
-4.64E-04,6.33354265,42.10175718
-4.63E-04,6.33354265,42.85552602
-4.62E-04,6.25314064,43.23241043
-4.61E-04,6.31846728,42.25251095
-4.60E-04,6.25816577,42.0263803
-4.59E-04,6.30841702,43.23241043
-4.58E-04,6.28831652,43.23241043
-4.57E-04,6.26821602,42.25251095
-4.56E-04,6.25314064,42.10175718
-4.55E-04,6.27826627,43.23241043
-4.54E-04,6.25314064,42.55401848
-4.53E-04,6.25314064,42.0263803
-4.52E-04,6.25816577,43.15703355
-4.51E-04,6.19786426,43.23241043
-4.50E-04,6.29836677,42.70477225
-4.49E-04,6.25314064,43.23241043
-4.48E-04,6.32851753,43.23241043
-4.47E-04,6.25314064,42.40326472
-4.46E-04,6.25314064,42.70477225
-4.45E-04,6.25314064,42.0263803
-4.44E-04,6.25314064,42.0263803
-4.43E-04,6.25314064,43.23241043
-4.42E-04,6.29836677,43.23241043
-4.41E-04,6.25314064,43.23241043
-4.40E-04,6.32851753,43.23241043
-4.39E-04,6.25314064,42.85552601
-4.38E-04,6.25314064,43.23241043
-4.37E-04,6.25314064,42.25251095
-4.36E-04,6.25816577,43.23241043
-4.35E-04,6.25314064,42.85552601
-4.34E-04,6.28831652,43.23241043
-4.33E-04,6.31846728,43.23241043
-4.32E-04,6.25314064,43.23241043
-4.31E-04,6.25314064,42.40326472
-4.30E-04,6.25314064,42.55401848
-4.29E-04,6.26821602,42.0263803
-4.28E-04,6.33354265,42.10175718
-4.27E-04,6.25314064,42.0263803
-4.26E-04,6.28831652,43.23241043
-4.25E-04,6.25314064,43.23241043
-4.24E-04,6.33354265,43.23241043
-4.23E-04,6.30841702,43.23241043
-4.22E-04,6.29836677,42.55401848
-4.21E-04,6.31846728,43.00627978
-4.20E-04,6.25314064,43.15703355
-4.19E-04,6.30841702,42.0263803
-4.18E-04,6.25314064,43.23241043
-4.17E-04,6.33354265,42.25251095
-4.16E-04,6.32851753,42.0263803
-4.15E-04,6.27826627,42.40326472
-4.14E-04,6.25314064,42.0263803
-4.13E-04,6.31846728,43.23241043
-4.12E-04,6.25314064,43.23241043
-4.11E-04,6.30841702,42.0263803
-4.10E-04,6.28831652,42.55401848
-4.09E-04,6.25314064,42.0263803
-4.08E-04,6.25816577,42.10175718
-4.07E-04,6.27826627,42.0263803
-4.06E-04,6.25314064,42.0263803
-4.05E-04,6.25314064,43.00627978
-4.04E-04,6.32851753,43.15703355
-4.03E-04,6.33354265,42.0263803
-4.02E-04,6.25314064,43.23241043
-4.01E-04,6.31846728,42.25251095
-4.00E-04,6.25816577,43.15703355
-3.99E-04,6.33354265,42.85552601
-3.98E-04,6.25314064,42.55401848
-3.97E-04,6.26821602,43.23241043
-3.96E-04,6.25816577,43.15703355
-3.95E-04,6.27826627,42.40326472
-3.94E-04,6.29836677,43.23241043
-3.93E-04,6.26821602,43.00627978
-3.92E-04,6.25314064,43.23241043
-3.91E-04,6.25314064,42.40326472
-3.90E-04,6.25314064,42.55401848
-3.89E-04,6.31846728,43.23241043
-3.88E-04,6.25816577,42.0263803
-3.87E-04,6.27826627,42.40326472
-3.86E-04,6.28831652,42.55401848
-3.85E-04,6.25314064,42.0263803
-3.84E-04,6.32851753,42.10175718
-3.83E-04,6.30841702,42.0263803
-3.82E-04,6.25314064,42.0263803
-3.81E-04,6.25314064,43.23241043
-3.80E-04,6.32851753,42.10175718
-3.79E-04,6.25314064,42.85552601
-3.78E-04,6.29836677,43.23241043
-3.77E-04,6.25314064,43.00627978
-3.76E-04,6.32851753,42.0263803
-3.75E-04,6.30841702,43.68467173
-3.74E-04,6.33354265,42.0263803
-3.73E-04,6.26821602,43.23241043
-3.72E-04,6.25816577,43.15703355
-3.71E-04,6.25314064,42.0263803
-3.70E-04,6.29836677,43.23241043
-3.69E-04,6.25314064,43.23241043
-3.68E-04,6.25816577,42.10175718
-3.67E-04,6.25314064,43.23241043
-3.66E-04,6.25314064,43.23241043
-3.65E-04,6.33354265,43.00627978
-3.64E-04,6.33354265,43.23241043
-3.63E-04,6.25314064,43.23241043
-3.62E-04,6.25314064,43.23241043
-3.61E-04,6.25314064,43.00627978
-3.60E-04,6.25816577,43.15703355
-3.59E-04,6.30841702,42.0263803
-3.58E-04,6.25314064,43.23241043
-3.57E-04,6.31846728,41.80024965
-3.56E-04,6.32851753,43.15703355
-3.55E-04,6.25314064,43.23241043
-3.54E-04,6.25314064,42.0263803
-3.53E-04,6.25314064,43.23241043
-3.52E-04,6.25816577,42.10175718
-3.51E-04,6.30841702,42.85552601
-3.50E-04,6.33354265,43.23241043
-3.49E-04,6.26821602,42.25251095
-3.48E-04,6.40891954,42.0263803
-3.47E-04,6.25314064,43.23241043
-3.46E-04,6.28831652,42.0263803
-3.45E-04,6.26821602,42.25251095
-3.44E-04,6.33354265,42.10175718
-3.43E-04,6.35866828,43.23241043
-3.42E-04,6.28831652,43.23241043
-3.41E-04,6.26821602,43.00627978
-3.40E-04,6.25314064,42.10175718
-3.39E-04,6.30841702,42.0263803
-3.38E-04,6.25314064,42.55401848
-3.37E-04,6.26821602,42.25251095
-3.36E-04,6.25314064,-4.96E+01
-3.35E-04,6.19786426,-5.08E+01
-3.34E-04,6.17273863,-5.08E+01
-3.33E-04,6.17273863,-5.08E+01
-3.32E-04,6.16771351,-5.09E+01
-3.31E-04,6.09233662,-5.00E+01
-3.30E-04,6.01193462,-5.08E+01
-3.29E-04,5.93153261,-5.08E+01
-3.28E-04,5.93153261,-5.19E+01
-3.27E-04,5.90640698,-5.08E+01
-3.26E-04,5.89635673,-5.15E+01
-3.25E-04,5.83605522,-5.08E+01
-3.24E-04,5.77575371,-5.09E+01
-3.23E-04,5.77072859,-5.08E+01
-3.22E-04,5.77072859,-5.08E+01
-3.21E-04,5.69032658,-5.08E+01
-3.20E-04,5.60992457,-5.20E+01
-3.19E-04,5.60992457,-5.08E+01
-3.18E-04,5.60992457,-5.08E+01
-3.17E-04,5.52952256,-5.11E+01
-3.16E-04,5.52952256,-5.20E+01
-3.15E-04,5.52952256,-5.12E+01
-3.14E-04,5.44912055,-5.15E+01
-3.13E-04,5.43404517,-5.08E+01
-3.12E-04,5.36871854,-5.09E+01
-3.11E-04,5.36871854,-5.08E+01
-3.10E-04,5.28831653,-5.08E+01
-3.09E-04,5.28831653,-5.20E+01
-3.08E-04,5.28329141,-5.08E+01
-3.07E-04,5.20791452,-5.17E+01
-3.06E-04,5.20791452,-5.08E+01
-3.05E-04,5.19283915,-5.08E+01
-3.04E-04,5.12751251,-5.08E+01
-3.03E-04,5.07223613,-5.20E+01
-3.02E-04,5.09233664,-5.15E+01
-3.01E-04,5.04711051,-5.08E+01
-3.00E-04,4.97173362,-5.20E+01
-2.99E-04,4.9667085,-5.08E+01
-2.98E-04,4.93153262,-5.14E+01
-2.97E-04,4.88630649,-5.18E+01
-2.96E-04,4.8109296,-5.08E+01
-2.95E-04,4.83103011,-5.17E+01
-2.94E-04,4.80590448,-5.14E+01
-2.93E-04,4.82097985,-5.18E+01
-2.92E-04,4.72550247,-5.08E+01
-2.91E-04,4.7506281,-5.08E+01
-2.90E-04,4.72550247,-5.15E+01
-2.89E-04,4.71042709,-5.11E+01
-2.88E-04,4.64510046,-5.08E+01
-2.87E-04,4.58982408,-5.08E+01
-2.86E-04,4.56469845,-5.08E+01
-2.85E-04,4.56469845,-5.08E+01
-2.84E-04,4.56469845,-5.08E+01
-2.83E-04,4.48429644,-5.17E+01
-2.82E-04,4.48429644,-5.14E+01
-2.81E-04,4.46922106,-5.18E+01
-2.80E-04,4.47927132,-5.08E+01
-2.79E-04,4.40389443,-5.08E+01
-2.78E-04,4.32349242,-5.08E+01
-2.77E-04,4.38881906,-5.08E+01
-2.76E-04,4.32349242,-5.20E+01
-2.75E-04,4.32349242,-5.08E+01
-2.74E-04,4.28831654,-5.15E+01
-2.73E-04,4.17776378,-5.08E+01
-2.72E-04,4.16771353,-5.20E+01
-2.71E-04,4.1626884,-5.08E+01
-2.70E-04,4.1626884,-5.08E+01
-2.69E-04,4.1626884,-5.08E+01
-2.68E-04,4.15766328,-5.20E+01
-2.67E-04,4.0822864,-5.12E+01
-2.66E-04,4.03706026,-5.08E+01
-2.65E-04,4.01695976,-5.08E+01
-2.64E-04,4.00188439,-5.09E+01
-2.63E-04,3.97675876,-5.08E+01
-2.62E-04,3.96670851,-5.14E+01
-2.61E-04,3.92148238,-5.20E+01
-2.60E-04,3.92148238,-5.08E+01
-2.59E-04,3.866206,-5.08E+01
-2.58E-04,3.84108037,-5.15E+01
-2.57E-04,3.84108037,-5.11E+01
-2.56E-04,3.84108037,-5.20E+01
-2.55E-04,3.84108037,-5.08E+01
-2.54E-04,3.76067836,-5.15E+01
-2.53E-04,3.76067836,-5.08E+01
-2.52E-04,3.68027635,-5.08E+01
-2.51E-04,3.73555273,-5.08E+01
-2.50E-04,3.68027635,-5.08E+01
-2.49E-04,3.59987434,-5.08E+01
-2.48E-04,3.68027635,-5.09E+01
-2.47E-04,3.65515072,-5.00E+01
-2.46E-04,3.63505022,-5.14E+01
-2.45E-04,3.53454771,-5.18E+01
-2.44E-04,3.51947233,-5.08E+01
-2.43E-04,3.51947233,-5.08E+01
-2.42E-04,3.4742462,-5.08E+01
-2.41E-04,3.43907032,-5.08E+01
-2.40E-04,3.51444721,-5.08E+01
-2.39E-04,3.41394469,-5.08E+01
-2.38E-04,3.40389444,-5.08E+01
-2.37E-04,3.35866831,-5.11E+01
-2.36E-04,3.4340452,-5.20E+01
-2.35E-04,3.35866831,-5.12E+01
-2.34E-04,3.35866831,-5.14E+01
-2.33E-04,3.29334168,-5.18E+01
-2.32E-04,3.2782663,-5.20E+01
-2.31E-04,3.2782663,-5.17E+01
-2.30E-04,3.19786429,-5.08E+01
-2.29E-04,3.19786429,-5.11E+01
-2.28E-04,3.19786429,-5.20E+01
-2.27E-04,3.17273867,-5.12E+01
-2.26E-04,3.11746228,-5.08E+01
-2.25E-04,3.13253766,-5.06E+01
-2.24E-04,3.11746228,-5.09E+01
-2.23E-04,3.11746228,-5.12E+01
-2.22E-04,3.03706028,-5.08E+01
-2.21E-04,3.11746228,-5.08E+01
-2.20E-04,3.03706028,-5.09E+01
-2.19E-04,3.03706028,-5.12E+01
-2.18E-04,3.0018844,-5.08E+01
-2.17E-04,2.95665827,-5.08E+01
-2.16E-04,2.95665827,-5.20E+01
-2.15E-04,2.95665827,-5.17E+01
-2.14E-04,2.95665827,-5.08E+01
-2.13E-04,2.94158289,-5.08E+01
-2.12E-04,2.95665827,-5.20E+01
-2.11E-04,2.87625626,-5.08E+01
-2.10E-04,2.87625626,-5.08E+01
-2.09E-04,2.81092962,-5.08E+01
-2.08E-04,2.79585425,-5.20E+01
-2.07E-04,2.82097988,-5.12E+01
-2.06E-04,2.84108038,-5.08E+01
-2.05E-04,2.78077887,-5.11E+01
-2.04E-04,2.79585425,-5.20E+01
-2.03E-04,2.71545224,-5.12E+01
-2.02E-04,2.71545224,-5.08E+01
-2.01E-04,2.71545224,-5.11E+01
-2.00E-04,2.64007536,-5.08E+01
-1.99E-04,2.71545224,-5.12E+01
-1.98E-04,2.63505023,-5.08E+01
-1.97E-04,2.63505023,-5.08E+01
-1.96E-04,2.63505023,-5.08E+01
-1.95E-04,2.57977385,-5.17E+01
-1.94E-04,2.59987435,-5.15E+01
-1.93E-04,2.55464822,-5.08E+01
-1.92E-04,2.6300251,-5.09E+01
-1.91E-04,2.55464822,-5.05E+01
-1.90E-04,2.50942209,-5.15E+01
-1.89E-04,2.47424621,-5.08E+01
-1.88E-04,2.47424621,-5.20E+01
-1.87E-04,2.47424621,-5.12E+01
-1.86E-04,2.51947234,-5.15E+01
-1.85E-04,2.47424621,-5.11E+01
-1.84E-04,2.39886933,-5.20E+01
-1.83E-04,2.3938442,-5.17E+01
-1.82E-04,2.43907033,-5.20E+01
-1.81E-04,2.3938442,-5.08E+01
-1.80E-04,2.31344219,-5.08E+01
-1.79E-04,2.33856782,-5.12E+01
-1.78E-04,2.3938442,-5.20E+01
-1.77E-04,2.24811556,-5.08E+01
-1.76E-04,2.31344219,-5.09E+01
-1.75E-04,2.31344219,-5.08E+01
-1.74E-04,2.31344219,-5.08E+01
-1.73E-04,2.23304018,-5.08E+01
-1.72E-04,2.23304018,-5.09E+01
-1.71E-04,2.23304018,-5.12E+01
-1.70E-04,2.23304018,-5.15E+01
-1.69E-04,2.21796481,-5.18E+01
-1.68E-04,2.15263817,-5.08E+01
-1.67E-04,2.1777638,-5.12E+01
-1.66E-04,2.15263817,-5.15E+01
-1.65E-04,2.15263817,-5.18E+01
-1.64E-04,2.15263817,-5.09E+01
-1.63E-04,2.12751255,-5.12E+01
-1.62E-04,2.15263817,-5.20E+01
-1.61E-04,2.07223617,-5.08E+01
-1.60E-04,2.07726129,-5.20E+01
-1.59E-04,2.07223617,-5.12E+01
-1.58E-04,2.02701004,-5.08E+01
-1.57E-04,2.00690953,-5.08E+01
-1.56E-04,2.06721104,-5.08E+01
-1.55E-04,2.04711054,-5.08E+01
-1.54E-04,2.02701004,-5.14E+01
-1.53E-04,1.99183416,-5.18E+01
-1.52E-04,1.99183416,-5.09E+01
-1.51E-04,1.96670853,-5.12E+01
-1.50E-04,1.95665828,-5.08E+01
-1.49E-04,1.99183416,-5.08E+01
-1.48E-04,1.91143215,-5.08E+01
-1.47E-04,1.91143215,-5.20E+01
-1.46E-04,1.94660803,-5.14E+01
-1.45E-04,1.91143215,-5.20E+01
-1.44E-04,1.91143215,-5.20E+01
-1.43E-04,1.88630652,-5.12E+01
-1.42E-04,1.91143215,-5.08E+01
-1.41E-04,1.83103014,-5.11E+01
-1.40E-04,1.83103014,-5.20E+01
-1.39E-04,1.75062813,-5.08E+01
-1.38E-04,1.83103014,-5.08E+01
-1.37E-04,1.83103014,-5.20E+01
-1.36E-04,1.83103014,-5.08E+01
-1.35E-04,1.80590451,-5.08E+01
-1.34E-04,1.75062813,-5.08E+01
-1.33E-04,1.75062813,-5.08E+01
-1.32E-04,1.75062813,-5.08E+01
-1.31E-04,1.69535175,-5.08E+01
-1.30E-04,1.705402,-5.08E+01
-1.29E-04,1.73555275,-5.08E+01
-1.28E-04,1.67022612,-5.08E+01
-1.27E-04,1.67022612,-5.12E+01
-1.26E-04,1.67022612,-5.08E+01
-1.25E-04,1.67022612,-5.08E+01
-1.24E-04,1.67022612,-5.08E+01
-1.23E-04,1.61494974,-5.08E+01
-1.22E-04,1.67022612,-5.20E+01
-1.21E-04,1.58982411,-5.11E+01
-1.20E-04,1.58982411,-5.08E+01
-1.19E-04,1.58982411,-5.12E+01
-1.18E-04,1.58982411,-5.08E+01
-1.17E-04,1.58982411,-5.11E+01
-1.16E-04,1.58982411,-5.20E+01
-1.15E-04,1.56469848,-5.08E+01
-1.14E-04,1.58982411,-5.14E+01
-1.13E-04,1.5094221,-4.99E+01
-1.12E-04,1.5094221,-5.09E+01
-1.11E-04,1.45414572,-5.08E+01
-1.10E-04,1.5094221,-5.14E+01
-1.09E-04,1.57474873,-5.18E+01
-1.08E-04,1.5094221,-5.08E+01
-1.07E-04,1.45414572,-5.12E+01
-1.06E-04,1.46419597,-5.08E+01
-1.05E-04,1.44409547,-5.08E+01
-1.04E-04,1.42902009,-5.09E+01
-1.03E-04,1.42902009,-5.08E+01
-1.02E-04,1.47424622,-5.14E+01
-1.01E-04,1.49434672,-5.18E+01
-1.00E-04,1.35364321,-5.20E+01
-9.90E-05,1.42902009,-5.08E+01
-9.80E-05,1.38379396,-5.20E+01
-9.70E-05,1.42902009,-5.11E+01
-9.60E-05,1.35364321,-5.08E+01
-9.50E-05,1.42902009,-5.17E+01
-9.40E-05,1.34861808,-5.08E+01
-9.30E-05,1.34861808,-5.08E+01
-9.20E-05,1.34861808,-5.08E+01
-9.10E-05,1.40389446,-5.08E+01
-9.00E-05,1.30339195,-5.08E+01
-8.90E-05,1.34861808,-5.20E+01
-8.80E-05,1.2732412,-5.08E+01
-8.70E-05,1.26821607,-5.08E+01
-8.60E-05,1.26821607,-5.08E+01
-8.50E-05,1.26821607,-5.08E+01
-8.40E-05,1.19283919,-5.08E+01
-8.30E-05,1.26821607,-5.20E+01
-8.20E-05,1.26821607,-5.02E+01
-8.10E-05,1.26821607,-5.08E+01
-8.00E-05,1.26821607,-5.08E+01
-7.90E-05,1.21293969,-5.08E+01
-7.80E-05,1.18781406,-5.14E+01
-7.70E-05,1.18781406,-5.08E+01
-7.60E-05,1.19283919,-5.20E+01
-7.50E-05,1.18781406,-5.12E+01
-7.40E-05,1.18781406,-5.08E+01
-7.30E-05,1.18781406,-5.11E+01
-7.20E-05,1.18781406,-5.08E+01
-7.10E-05,1.18781406,-5.08E+01
-7.00E-05,1.18781406,-5.14E+01
-6.90E-05,1.12248743,-5.08E+01
-6.80E-05,1.10741206,-5.08E+01
-6.70E-05,1.13253768,-5.20E+01
-6.60E-05,1.15263819,-5.08E+01
-6.50E-05,1.12248743,-5.18E+01
-6.40E-05,1.11243718,-5.20E+01
-6.30E-05,1.10741206,-5.20E+01
-6.20E-05,1.10741206,-5.08E+01
-6.10E-05,1.10741206,-5.11E+01
-6.00E-05,1.10741206,-5.09E+01
-5.90E-05,1.05213567,-5.17E+01
-5.80E-05,1.06218592,-5.08E+01
-5.70E-05,1.04208542,-5.08E+01
-5.60E-05,1.02701005,-5.20E+01
-5.50E-05,1.02701005,-5.08E+01
-5.40E-05,1.02701005,-5.08E+01
-5.30E-05,1.02701005,-5.08E+01
-5.20E-05,1.02701005,-5.08E+01
-5.10E-05,1.02701005,-5.17E+01
-5.00E-05,1.02701005,-5.08E+01
-4.90E-05,1.01193467,-5.08E+01
-4.80E-05,1.02701005,-5.08E+01
-4.70E-05,1.02701005,-5.17E+01
-4.60E-05,1.02701005,-5.08E+01
-4.50E-05,1.02701005,-5.08E+01
-4.40E-05,0.95163316,-4.97E+01
-4.30E-05,0.97173366,-5.08E+01
-4.20E-05,0.99183417,-5.08E+01
-4.10E-05,0.94660804,-5.08E+01
-4.00E-05,0.94660804,-5.09E+01
-3.90E-05,0.94660804,-5.17E+01
-3.80E-05,0.94660804,-5.08E+01
-3.70E-05,0.93153266,-5.11E+01
-3.60E-05,0.87123115,-5.08E+01
-3.50E-05,0.94660804,-5.08E+01
-3.40E-05,0.86620603,-5.20E+01
-3.30E-05,0.94660804,-5.18E+01
-3.20E-05,0.87123115,-5.08E+01
-3.10E-05,0.86620603,-5.12E+01
-3.00E-05,0.86620603,-5.15E+01
-2.90E-05,0.86620603,-5.08E+01
-2.80E-05,0.94158291,-5.08E+01
-2.70E-05,0.86620603,-5.08E+01
-2.60E-05,0.86620603,-5.08E+01
-2.50E-05,0.86620603,-5.18E+01
-2.40E-05,0.86620603,-5.08E+01
-2.30E-05,0.8410804,-5.08E+01
-2.20E-05,0.86620603,-5.15E+01
-2.10E-05,0.86620603,-5.08E+01
-2.00E-05,0.86620603,-5.09E+01
-1.90E-05,0.86620603,-5.08E+01
-1.80E-05,0.83103015,-5.08E+01
-1.70E-05,0.78580402,-5.16E+01
-1.60E-05,0.79082914,-5.08E+01
-1.50E-05,0.78580402,-5.17E+01
-1.40E-05,0.83103015,-5.15E+01
-1.30E-05,0.85113065,-5.08E+01
-1.20E-05,0.78580402,-5.20E+01
-1.10E-05,0.76067839,-5.08E+01
-1.00E-05,0.78580402,-5.08E+01
-9.00E-06,0.83605527,-5.08E+01
-8.00E-06,0.71042713,-5.08E+01
-7.00E-06,0.70540201,-5.17E+01
-6.00E-06,0.78580402,-5.08E+01
-5.00E-06,0.72047739,-5.11E+01
-4.00E-06,0.78077889,-5.09E+01
-3.00E-06,0.73052764,37.5791442
-2.00E-06,1.02701005,42.55401848
-1.00E-06,1.26821607,41.04648082
0,1.43404522,42.0263803
0.000001,1.67022612,42.40326472
0.000002,1.91143215,42.55401848
0.000003,2.07223617,42.0263803
0.000004,2.23304018,43.23241043
0.000005,2.33856782,42.40326472
0.000006,2.51947234,42.70477225
0.000007,2.71545224,42.25251095
0.000008,2.87123113,43.15703355
0.000009,3.01193465,42.85552601
0.00001,3.08228641,42.0263803
0.000011,3.19786429,43.23241043
0.000012,3.35866831,43.15703355
0.000013,3.43907032,42.0263803
0.000014,3.51947233,42.55401848
0.000015,3.59987434,43.23241043
0.000016,3.76067836,43.23241043
0.000017,3.84108037,43.23241043
0.000018,3.8863065,43.23241043
0.000019,4.00188439,43.00627978
0.00002,4.0822864,43.15703355
0.000021,4.1626884,43.23241043
0.000022,4.24309041,43.23241043
0.000023,4.25816579,43.00627978
0.000024,4.40389443,42.0263803
0.000025,4.42902006,42.40326472
0.000026,4.52952257,42.70477225
0.000027,4.57977383,43.23241043
0.000028,4.64510046,43.23241043
0.000029,4.64510046,42.0263803
0.00003,4.72550247,42.0263803
0.000031,4.80590448,42.25251095
0.000032,4.88630649,43.15703355
0.000033,4.88630649,42.40326472
0.000034,4.9667085,43.23241043
0.000035,5.04711051,43.00627978
0.000036,5.04711051,43.23241043
0.000037,5.12751251,43.23241043
0.000038,5.12751251,42.70477225
0.000039,5.20791452,43.00627978
0.00004,5.13253764,43.23241043
0.000041,5.26319091,43.23241043
0.000042,5.28831653,42.70477225
0.000043,5.35364317,42.0263803
0.000044,5.36871854,42.10175718
0.000045,5.36871854,42.40326472
0.000046,5.44912055,42.0263803
0.000047,5.44912055,43.23241043
0.000048,5.44912055,42.0263803
0.000049,5.44912055,42.40326472
0.00005,5.49434668,43.23241043
0.000051,5.52952256,43.00627978
0.000052,5.60992457,42.0263803
0.000053,5.60992457,42.40326472
0.000054,5.6551507,42.55401848
0.000055,5.60992457,43.00627978
0.000056,5.69032658,43.23241043
0.000057,5.69032658,42.0263803
0.000058,5.69032658,42.70477225
0.000059,5.70540196,43.00627978
0.00006,5.76570346,43.15703355
0.000061,5.74560296,43.23241043
0.000062,5.77072859,42.0263803
0.000063,5.77072859,43.23241043
0.000064,5.77072859,42.10175718
0.000065,5.82600497,42.85552601
0.000066,5.8511306,43.23241043
0.000067,5.86620597,43.23241043
0.000068,5.8511306,43.15703355
0.000069,5.8511306,42.0263803
0.00007,5.8511306,43.23241043
0.000071,5.91645723,43.00627978
0.000072,5.93153261,42.10175718
0.000073,5.93153261,42.85552601
0.000074,5.93153261,43.23241043
0.000075,5.99685924,43.00627978
0.000076,5.93655773,42.0263803
0.000077,5.98680899,42.0263803
0.000078,6.01193462,42.55401848
0.000079,6.01193462,43.23241043
0.00008,6.01193462,43.15703355
0.000081,6.01193462,42.0263803
0.000082,5.96670849,43.23241043
0.000083,6.01193462,43.00627978
0.000084,6.0873115,42.0263803
0.000085,6.01193462,42.0263803
0.000086,6.09233662,42.70477225
0.000087,6.09233662,42.0263803
0.000088,6.09233662,43.15703355
0.000089,6.01193462,42.0263803
0.00009,6.09233662,42.70477225
0.000091,6.07726125,43.23241043
0.000092,6.09233662,43.23241043
0.000093,6.09233662,42.85552601
0.000094,6.13756276,42.0263803
0.000095,6.09233662,43.23241043
0.000096,6.09233662,42.0263803
0.000097,6.17273863,42.85552601
0.000098,6.09233662,43.23241043
0.000099,6.07726125,42.25251095
0.0001,6.17273863,42.10175718
0.000101,6.17273863,42.40326472
0.000102,6.1275125,42.70477225
0.000103,6.17273863,43.23241043
0.000104,6.09736175,43.23241043
0.000105,6.11746225,42.85552601
0.000106,6.17273863,42.55401848
0.000107,6.107412,42.25251095
0.000108,6.16771351,42.10175718
0.000109,6.17273863,42.40326472
0.00011,6.17273863,43.23241043
0.000111,6.107412,43.23241043
0.000112,6.17273863,42.10175718
0.000113,6.19786426,42.85552601
0.000114,6.17273863,42.0263803
0.000115,6.17273863,43.23241043
0.000116,6.24811552,43.23241043
0.000117,6.22801502,43.23241043
0.000118,6.17273863,42.55401848
0.000119,6.17273863,42.25251095
0.00012,6.17776376,43.23241043
0.000121,6.25314064,42.40326472
0.000122,6.20791451,42.70477225
0.000123,6.17273863,42.25251095
0.000124,6.17273863,42.0263803
0.000125,6.19786426,42.85552601
0.000126,6.25314064,43.23241043
0.000127,6.23806527,42.0263803
0.000128,6.24811552,43.15703355
0.000129,6.25314064,42.40326472
0.00013,6.20791451,42.0263803
0.000131,6.25314064,43.23241043
0.000132,6.25314064,44.28768679
0.000133,6.19786426,42.40326472
0.000134,6.21796476,43.23241043
0.000135,6.25314064,43.23241043
0.000136,6.25314064,42.10175718
0.000137,6.25314064,42.85552601
0.000138,6.25314064,42.70477225
0.000139,6.18781401,42.0263803
0.00014,6.25314064,43.23241043
0.000141,6.30841702,43.23241043
0.000142,6.25314064,42.70477225
0.000143,6.26821602,43.00627978
0.000144,6.25314064,43.15703355
0.000145,6.25314064,42.40326472
0.000146,6.25314064,42.70477225
0.000147,6.26821602,43.00627978
0.000148,6.25314064,42.0263803
0.000149,6.25314064,43.23241043
0.00015,6.25314064,42.70477225
0.000151,6.25314064,42.0263803
0.000152,6.24811552,42.0263803
0.000153,6.25314064,43.23241043
0.000154,6.25314064,42.55401848
0.000155,6.25314064,43.23241043
0.000156,6.25314064,42.10175718
0.000157,6.25314064,43.23241043
0.000158,6.28831652,42.55401848
0.000159,6.25314064,43.23241043
0.00016,6.32851753,43.15703355
0.000161,6.30841702,42.85552601
0.000162,6.29836677,42.70477225
0.000163,6.31846728,43.00627978
0.000164,6.25314064,42.10175718
0.000165,6.25314064,43.23241043
0.000166,6.29836677,42.55401848
0.000167,6.25314064,42.0263803
0.000168,6.25314064,43.23241043
0.000169,6.25314064,43.23241043
0.00017,6.25314064,42.70477225
0.000171,6.26821602,43.23241043
0.000172,6.25314064,42.0263803
0.000173,6.25314064,42.85552601
0.000174,6.25314064,42.55401848
0.000175,6.23806527,42.25251095
0.000176,6.25314064,42.0263803
0.000177,6.25314064,43.23241043
0.000178,6.28831652,42.70477225
0.000179,6.25314064,42.0263803
0.00018,6.25314064,42.17713407
0.000181,6.30841702,42.0263803
0.000182,6.25314064,42.70477225
0.000183,6.25314064,42.25251095
0.000184,6.25314064,43.15703355
0.000185,6.27826627,42.78014913
0.000186,6.25314064,42.0263803
0.000187,6.25314064,43.00627978
0.000188,6.25314064,42.10175718
0.000189,6.25314064,42.85552601
0.00019,6.25314064,42.70477225
0.000191,6.25314064,42.0263803
0.000192,6.32851753,43.23241043
0.000193,6.25314064,43.23241043
0.000194,6.28831652,42.70477225
0.000195,6.25314064,43.23241043
0.000196,6.32851753,43.23241043
0.000197,6.25314064,42.0263803
0.000198,6.25314064,42.70477225
0.000199,6.25314064,43.00627978
0.0002,6.25314064,43.15703355
0.000201,6.25314064,42.85552601
0.000202,6.25314064,42.70477225
0.000203,6.25314064,42.0263803
0.000204,6.33354265,43.23241043
0.000205,6.33354265,42.0263803
0.000206,6.25314064,42.70477225
0.000207,6.31846728,43.23241043
0.000208,6.32851753,42.0263803
0.000209,6.30841702,42.0263803
0.00021,6.25314064,42.0263803
0.000211,6.25314064,42.0263803
0.000212,6.32851753,43.15703355
0.000213,6.30841702,42.85552601
0.000214,6.25314064,42.55401848
0.000215,6.33354265,43.23241043
0.000216,6.25314064,43.23241043
0.000217,6.33354265,42.40326472
0.000218,6.29836677,42.70477225
0.000219,6.26821602,43.00627978
0.00022,6.32851753,42.10175718
0.000221,6.30841702,42.0263803
0.000222,6.29836677,43.23241043
0.000223,6.33354265,42.25251095
0.000224,6.17776376,43.15703355
0.000225,6.30841702,42.0263803
0.000226,6.25314064,43.23241043
0.000227,6.23806527,42.25251095
0.000228,6.32851753,43.23241043
0.000229,6.27826627,42.85552601
0.00023,6.29836677,42.55401848
0.000231,6.25314064,43.23241043
0.000232,6.25314064,42.0263803
0.000233,6.25314064,42.85552601
0.000234,6.28831652,42.55401848
0.000235,6.25314064,43.00627978
0.000236,6.33354265,43.15703355
0.000237,6.25314064,42.85552601
0.000238,6.28831652,42.70477225
0.000239,6.25314064,42.0263803
0.00024,6.25816577,43.23241043
0.000241,6.25314064,43.23241043
0.000242,6.25314064,42.0263803
0.000243,6.31846728,43.00627978
0.000244,6.25314064,43.23241043
0.000245,6.25314064,42.85552601
0.000246,6.25314064,42.0263803
0.000247,6.25314064,43.23241043
0.000248,6.25816577,42.0263803
0.000249,6.25314064,42.0263803
0.00025,6.29836677,42.0263803
0.000251,6.25314064,42.0263803
0.000252,6.25314064,43.15703355
0.000253,6.30841702,42.85552601
0.000254,6.29836677,42.70477225
0.000255,6.31846728,42.0263803
0.000256,6.25314064,42.10175718
0.000257,6.25314064,42.0263803
0.000258,6.28831652,42.55401848
0.000259,6.26821602,42.0263803
0.00026,6.25314064,43.23241043
0.000261,6.33354265,42.85552601
0.000262,6.33354265,42.55401848
0.000263,6.31846728,43.00627978
0.000264,6.25314064,43.23241043
0.000265,6.25314064,42.40326472
0.000266,6.28831652,43.23241043
0.000267,6.25314064,43.00627978
0.000268,6.25314064,42.0263803
0.000269,6.25314064,42.40326472
0.00027,6.29836677,42.70477225
0.000271,6.25314064,43.23241043
0.000272,6.25314064,42.10175718
0.000273,6.27826627,42.85552601
0.000274,6.25314064,42.55401848
0.000275,6.26821602,43.23241043
0.000276,6.33354265,43.23241043
0.000277,6.25314064,43.23241043
0.000278,6.25314064,42.70477225
0.000279,6.26821602,43.00627978
0.00028,6.33354265,42.0263803
0.000281,6.25314064,42.0263803
0.000282,6.29836677,42.70477225
0.000283,6.25314064,43.23241043
0.000284,6.25816577,42.0263803
0.000285,6.25314064,42.0263803
0.000286,6.28831652,42.55401848
0.000287,6.26821602,42.25251095
0.000288,6.32851753,42.0263803
0.000289,6.27826627,42.0263803
0.00029,6.28831652,42.70477225
0.000291,6.26821602,42.25251095
0.000292,6.25816577,42.10175718
0.000293,6.25314064,42.40326472
0.000294,6.28831652,42.70477225
0.000295,6.25314064,43.00627978
0.000296,6.25314064,42.10175718
0.000297,6.27826627,42.85552601
0.000298,6.25314064,43.23241043
0.000299,6.26821602,43.23241043
0.0003,6.25314064,43.23241043
0.000301,6.25314064,42.85552601
0.000302,6.33354265,43.23241043
0.000303,6.26821602,43.23241043
0.000304,6.25314064,43.23241043
0.000305,6.27826627,42.0263803
0.000306,6.28831652,42.70477225
0.000307,6.33354265,43.00627978
0.000308,6.32851753,42.0263803
0.000309,6.25314064,42.0263803
0.00031,6.25314064,42.55401848
0.000311,6.33354265,43.00627978
0.000312,6.25314064,43.15703355
0.000313,6.30841702,42.85552601
0.000314,6.29836677,42.55401848
0.000315,6.31846728,43.00627978
0.000316,6.25314064,43.23241043
0.000317,6.27826627,43.23241043
0.000318,6.29836677,42.0263803
0.000319,6.31846728,42.0263803
0.00032,6.25314064,43.23241043
0.000321,6.30841702,42.40326472
0.000322,6.25314064,42.55401848
0.000323,6.26821602,43.23241043
0.000324,6.25816577,42.10175718
0.000325,6.25314064,43.23241043
0.000326,6.33354265,42.70477225
0.000327,6.31846728,42.25251095
0.000328,6.33354265,42.10175718
0.000329,6.25314064,43.23241043
0.00033,6.29836677,42.0263803
0.000331,6.18781401,-5.06E+01
0.000332,6.24811552,-5.08E+01
0.000333,6.11746225,-5.08E+01
0.000334,6.13756276,-5.08E+01
0.000335,6.09233662,-5.08E+01
0.000336,6.01193462,-5.08E+01
0.000337,6.01193462,-4.96E+01
0.000338,5.97675874,-5.03E+01
0.000339,5.93153261,-5.08E+01
0.00034,5.85615572,-5.08E+01
0.000341,5.87625623,-5.08E+01
0.000342,5.80590447,-5.08E+01
0.000343,5.77072859,-5.08E+01
0.000344,5.77072859,-5.08E+01
0.000345,5.71545221,-5.08E+01
0.000346,5.69032658,-5.08E+01
0.000347,5.69032658,-5.08E+01
0.000348,5.60992457,-5.08E+01
0.000349,5.60992457,-5.08E+01
0.00035,5.52952256,-5.20E+01
0.000351,5.52952256,-5.18E+01
0.000352,5.45414568,-5.20E+01
0.000353,5.44912055,-5.17E+01
0.000354,5.40389442,-5.15E+01
0.000355,5.36871854,-5.20E+01
0.000356,5.29334166,-5.08E+01
0.000357,5.28831653,-5.17E+01
0.000358,5.2430904,-5.08E+01
0.000359,5.28831653,-5.08E+01
0.00036,5.20791452,-5.20E+01
0.000361,5.20791452,-5.08E+01
0.000362,5.12751251,-5.08E+01
0.000363,5.12751251,-5.08E+01
0.000364,5.04711051,-5.08E+01
0.000365,5.04711051,-5.08E+01
0.000366,5.04711051,-5.08E+01
0.000367,5.04711051,-5.20E+01
0.000368,4.9667085,-5.08E+01
0.000369,4.94158287,-5.12E+01
0.00037,4.88630649,-5.14E+01
0.000371,4.88630649,-5.08E+01
0.000372,4.88630649,-5.08E+01
0.000373,4.80590448,-5.08E+01
0.000374,4.80590448,-5.20E+01
0.000375,4.7908291,-5.18E+01
0.000376,4.80087935,-5.08E+01
0.000377,4.72550247,-5.08E+01
0.000378,4.69032659,-5.08E+01
0.000379,4.64510046,-5.11E+01
0.00038,4.64510046,-5.08E+01
0.000381,4.56469845,-5.08E+01
0.000382,4.52952257,-5.08E+01
0.000383,4.48429644,-5.18E+01
0.000384,4.56469845,-5.08E+01
0.000385,4.48429644,-5.08E+01
0.000386,4.48429644,-5.08E+01
0.000387,4.40389443,-5.08E+01
0.000388,4.39886931,-5.20E+01
0.000389,4.3787688,-5.08E+01
0.00039,4.3586683,-5.20E+01
0.000391,4.32349242,-5.08E+01
0.000392,4.32349242,-5.08E+01
0.000393,4.24309041,-5.17E+01
0.000394,4.19786428,-5.20E+01
0.000395,4.22801504,-5.11E+01
0.000396,4.23806529,-5.08E+01
0.000397,4.1626884,-5.08E+01
0.000398,4.0822864,-5.14E+01
0.000399,4.0822864,-5.11E+01
0.0004,4.0822864,-5.08E+01
0.000401,4.0822864,-5.12E+01
0.000402,4.00188439,-5.15E+01
0.000403,4.00188439,-5.08E+01
0.000404,3.99685926,-5.08E+01
0.000405,3.97675876,-5.08E+01
0.000406,3.92148238,-5.08E+01
0.000407,3.84108037,-5.11E+01
0.000408,3.84610549,-5.08E+01
0.000409,3.84108037,-5.12E+01
0.00041,3.84108037,-5.08E+01
0.000411,3.84108037,-5.08E+01
0.000412,3.83605524,-5.09E+01
0.000413,3.73555273,-5.12E+01
0.000414,3.76067836,-5.08E+01
0.000415,3.76067836,-5.18E+01
0.000416,3.68027635,-5.09E+01
0.000417,3.68027635,-5.17E+01
0.000418,3.63505022,-5.14E+01
0.000419,3.59987434,-5.08E+01
0.00042,3.60489947,-5.09E+01
0.000421,3.59987434,-5.08E+01
0.000422,3.55464821,-5.08E+01
0.000423,3.51947233,-5.08E+01
0.000424,3.51947233,-5.08E+01
0.000425,3.46419595,-5.08E+01
0.000426,3.4742462,-5.08E+01
0.000427,3.43907032,-5.11E+01
0.000428,3.43907032,-5.08E+01
0.000429,3.41394469,-5.08E+01
0.00043,3.39384419,-5.08E+01
0.000431,3.35866831,-5.08E+01
0.000432,3.35364319,-5.20E+01
0.000433,3.30339193,-5.08E+01
0.000434,3.2782663,-5.08E+01
0.000435,3.2782663,-5.11E+01
0.000436,3.2782663,-5.20E+01
0.000437,3.25314068,-5.08E+01
0.000438,3.19786429,-5.15E+01
0.000439,3.18278892,-5.11E+01
0.00044,3.19786429,-5.08E+01
0.000441,3.14258791,-5.17E+01
0.000442,3.11746228,-5.14E+01
0.000443,3.11746228,-5.08E+01
0.000444,3.11746228,-5.08E+01
0.000445,3.0621859,-5.08E+01
0.000446,3.11746228,-5.20E+01
0.000447,3.03706028,-5.08E+01
0.000448,2.96168339,-5.08E+01
0.000449,3.03706028,-5.08E+01
0.00045,3.0018844,-5.08E+01
0.000451,2.95665827,-5.20E+01
0.000452,2.95665827,-5.08E+01
0.000453,2.95665827,-5.17E+01
0.000454,2.87625626,-5.08E+01
0.000455,2.87625626,-5.11E+01
0.000456,2.87625626,-5.09E+01
0.000457,2.87625626,-5.08E+01
0.000458,2.83103013,-5.15E+01
0.000459,2.79585425,-5.08E+01
0.00046,2.79585425,-5.09E+01
0.000461,2.79585425,-5.08E+01
0.000462,2.79585425,-5.08E+01
0.000463,2.78077887,-5.08E+01
0.000464,2.72047736,-5.20E+01
0.000465,2.71545224,-5.12E+01
0.000466,2.76067837,-5.08E+01
0.000467,2.70037686,-5.11E+01
0.000468,2.63505023,-5.09E+01
0.000469,2.63505023,-5.12E+01
0.00047,2.63505023,-5.08E+01
0.000471,2.61997485,-5.08E+01
0.000472,2.55967335,-5.08E+01
0.000473,2.57977385,-5.08E+01
0.000474,2.55464822,-5.08E+01
0.000475,2.5697236,-5.18E+01
0.000476,2.55464822,-5.08E+01
0.000477,2.49937184,-5.20E+01
0.000478,2.50942209,-5.14E+01
0.000479,2.47424621,-5.11E+01
0.00048,2.47424621,-5.08E+01
0.000481,2.47424621,-5.17E+01
0.000482,2.43907033,-5.14E+01
0.000483,2.3938442,-5.08E+01
0.000484,2.39886933,-5.08E+01
0.000485,2.3938442,-5.08E+01
0.000486,2.3938442,-5.08E+01
0.000487,2.3938442,-5.18E+01
0.000488,2.3938442,-5.08E+01
0.000489,2.31344219,-5.20E+01
0.00049,2.26821606,-5.15E+01
0.000491,2.31344219,-5.08E+01
0.000492,2.31344219,-5.09E+01
0.000493,2.28831657,-5.08E+01
0.000494,2.27826631,-5.08E+01
0.000495,2.29836682,-5.11E+01
0.000496,2.23304018,-5.20E+01
0.000497,2.1777638,-5.17E+01
0.000498,2.23304018,-5.08E+01
0.000499,2.15263817,-5.08E+01
0.0005,2.15263817,-5.20E+01
0.000501,2.15263817,-5.08E+01
0.000502,2.15263817,-5.08E+01
0.000503,2.15263817,-5.08E+01
0.000504,2.14761305,-5.09E+01
0.000505,2.15263817,-5.20E+01
0.000506,2.07223617,-5.15E+01
0.000507,2.07223617,-5.08E+01
0.000508,2.07223617,-5.08E+01
0.000509,2.07223617,-5.12E+01
0.00051,2.03706029,-5.15E+01
0.000511,2.00690953,-5.08E+01
0.000512,2.07223617,-5.20E+01
0.000513,1.96670853,-5.08E+01
0.000514,1.99183416,-5.08E+01
0.000515,1.99183416,-5.06E+01
0.000516,1.99183416,-5.20E+01
0.000517,1.99183416,-5.17E+01
0.000518,1.94660803,-5.15E+01
0.000519,1.91143215,-5.08E+01
0.00052,1.99183416,-5.08E+01
0.000521,1.91143215,-5.08E+01
0.000522,1.91143215,-5.08E+01
0.000523,1.91143215,-5.18E+01
0.000524,1.90640702,-5.09E+01
0.000525,1.83103014,-5.17E+01
0.000526,1.83103014,-5.08E+01
0.000527,1.83103014,-5.08E+01
0.000528,1.83103014,-5.08E+01
0.000529,1.80590451,-5.17E+01
0.00053,1.78580401,-5.15E+01
0.000531,1.83103014,-5.11E+01
0.000532,1.75062813,-5.20E+01
0.000533,1.77575376,-5.08E+01
0.000534,1.75062813,-5.14E+01
0.000535,1.6853015,-5.20E+01
0.000536,1.75062813,-5.09E+01
0.000537,1.75062813,-5.08E+01
0.000538,1.71545225,-5.08E+01
0.000539,1.75062813,-5.18E+01
0.00054,1.67525125,-5.20E+01
0.000541,1.67022612,-5.12E+01
0.000542,1.67022612,-5.14E+01
0.000543,1.67022612,-5.08E+01
0.000544,1.67022612,-4.98E+01
0.000545,1.58982411,-5.08E+01
0.000546,1.62499999,-5.14E+01
0.000547,1.65515074,-5.08E+01
0.000548,1.58982411,-5.20E+01
0.000549,1.61494974,-5.08E+01
0.00055,1.58982411,-5.15E+01
0.000551,1.58982411,-5.08E+01
0.000552,1.5094221,-5.09E+01
0.000553,1.58982411,-5.08E+01
0.000554,1.5094221,-5.14E+01
0.000555,1.57474873,-5.08E+01
0.000556,1.5094221,-5.08E+01
0.000557,1.5094221,-5.08E+01
0.000558,1.5094221,-5.14E+01
0.000559,1.44409547,-5.08E+01
0.00056,1.43404522,-5.08E+01
0.000561,1.42902009,-5.08E+01
0.000562,1.46419597,-5.08E+01
0.000563,1.42902009,-5.18E+01
0.000564,1.42902009,-5.08E+01
0.000565,1.45414572,-5.08E+01
0.000566,1.42902009,-5.14E+01
0.000567,1.42902009,-5.11E+01
0.000568,1.42399497,-5.08E+01
0.000569,1.34861808,-5.08E+01
0.00057,1.38379396,-5.08E+01
0.000571,1.41394472,-5.08E+01
0.000572,1.42399497,-5.09E+01
0.000573,1.37374371,-5.17E+01
0.000574,1.38379396,-5.14E+01
0.000575,1.34861808,-5.08E+01
0.000576,1.34861808,-5.09E+01
0.000577,1.2933417,-5.12E+01
0.000578,1.30339195,-5.15E+01
0.000579,1.26821607,-5.08E+01
0.00058,1.34861808,-5.08E+01
0.000581,1.26821607,-5.08E+01
0.000582,1.30339195,-5.08E+01
0.000583,1.28329145,-5.11E+01
0.000584,1.26821607,-5.09E+01
0.000585,1.26821607,-5.08E+01
0.000586,1.26821607,-5.08E+01
0.000587,1.26821607,-5.08E+01
0.000588,1.26821607,-5.20E+01
0.000589,1.24309045,-5.12E+01
0.00059,1.18781406,-5.08E+01
0.000591,1.2531407,-5.11E+01
0.000592,1.18781406,-5.08E+01
0.000593,1.18781406,-5.17E+01
0.000594,1.18781406,-5.08E+01
0.000595,1.18781406,-5.11E+01
0.000596,1.18781406,-5.08E+01
0.000597,1.13253768,-5.08E+01
0.000598,1.14258793,-5.14E+01
0.000599,1.10741206,-5.18E+01
0.0006,1.10741206,-5.20E+01
0.000601,1.10741206,-5.08E+01
0.000602,1.14258793,-5.15E+01
0.000603,1.10741206,-5.06E+01
0.000604,1.10741206,-5.19E+01
0.000605,1.08228643,-5.12E+01
0.000606,1.10741206,-5.15E+01
0.000607,1.10741206,-5.11E+01
0.000608,1.10741206,-5.08E+01
0.000609,1.10741206,-5.12E+01
0.00061,1.10741206,-5.08E+01
0.000611,1.04208542,-5.08E+01
0.000612,1.03203517,-5.08E+01
0.000613,1.10741206,-5.08E+01
0.000614,1.02701005,-5.08E+01
0.000615,1.02701005,-5.20E+01
0.000616,1.02701005,-5.08E+01
0.000617,1.02701005,-5.08E+01
0.000618,1.02701005,-5.14E+01
0.000619,1.02701005,-5.20E+01
0.00062,1.02701005,-5.08E+01
0.000621,1.02701005,-5.08E+01
0.000622,1.02701005,-5.20E+01
0.000623,0.94660804,-5.08E+01
0.000624,0.94660804,-5.08E+01
0.000625,1.00188442,-5.08E+01
0.000626,0.94660804,-5.14E+01
0.000627,0.94660804,-5.08E+01
0.000628,0.94660804,-5.08E+01
0.000629,0.94660804,-5.12E+01
0.00063,0.98178392,-5.08E+01
0.000631,0.94660804,-5.08E+01
0.000632,0.94660804,-5.20E+01
0.000633,0.94660804,-5.12E+01
0.000634,0.91143216,-5.15E+01
0.000635,0.86620603,-5.11E+01
0.000636,0.94660804,-5.08E+01
0.000637,0.86620603,-5.17E+01
0.000638,0.86620603,-5.15E+01
0.000639,0.86620603,-5.18E+01
0.00064,0.86620603,-5.09E+01
0.000641,0.86620603,-5.08E+01
0.000642,0.86620603,-5.14E+01
0.000643,0.8008794,-5.08E+01
0.000644,0.86620603,-5.09E+01
0.000645,0.86620603,-5.08E+01
0.000646,0.78580402,-5.15E+01
0.000647,0.85113065,-5.08E+01
0.000648,0.78580402,-5.09E+01
0.000649,0.78580402,-5.08E+01
0.00065,0.83103015,-5.08E+01
0.000651,0.8008794,-5.18E+01
0.000652,0.78580402,-5.20E+01
0.000653,0.81092965,-5.08E+01
0.000654,0.83103015,-5.15E+01
0.000655,0.78580402,-5.18E+01
0.000656,0.71042713,-5.09E+01
0.000657,0.78580402,-5.08E+01
0.000658,0.78580402,-5.08E+01
0.000659,0.78580402,-5.18E+01
0.00066,0.78077889,-5.09E+01
0.000661,0.78580402,-5.08E+01
0.000662,0.75062814,-5.02E+01
0.000663,0.77072864,-5.11E+01
0.000664,0.79082914,42.0263803
0.000665,1.10741206,42.0263803
0.000666,1.34861808,42.55401848
0.000667,1.57474873,43.00627978
0.000668,1.75062813,42.0263803
0.000669,1.91143215,42.40326472
0.00067,2.1174623,42.70477225
0.000671,2.31344219,42.0263803
0.000672,2.39886933,42.0263803
0.000673,2.57977385,42.40326472
0.000674,2.71545224,42.55401848
0.000675,2.87625626,43.00627978
0.000676,3.03203515,42.0263803
0.000677,3.11746228,43.23241043
0.000678,3.2782663,42.0263803
0.000679,3.35866831,43.00627978
0.00068,3.51947233,43.23241043
0.000681,3.59987434,43.23241043
0.000682,3.71545223,42.70477225
0.000683,3.82600499,43.23241043
0.000684,3.84610549,43.15703355
0.000685,3.92148238,42.40326472
0.000686,4.00188439,43.23241043
0.000687,4.14761303,43.00627978
0.000688,4.16771353,43.15703355
0.000689,4.26821604,42.85552601
0.00069,4.32349242,42.55401848
0.000691,4.40389443,42.25251095
0.000692,4.48429644,42.10175718
0.000693,4.56469845,42.0263803
0.000694,4.56469845,42.55401848
0.000695,4.64510046,43.00627978
0.000696,4.72550247,42.10175718
0.000697,4.80590448,42.40326472
0.000698,4.84108036,42.70477225
0.000699,4.88630649,43.00627978
0.0007,4.96168337,42.10175718
0.000701,4.9667085,42.0263803
0.000702,5.01193463,42.70477225
0.000703,5.11243714,43.00627978
0.000704,5.04711051,43.23241043
0.000705,5.1827889,43.23241043
0.000706,5.17273864,42.55401848
0.000707,5.27324116,42.0263803
0.000708,5.21293965,43.15703355
0.000709,5.28831653,43.23241043
0.00071,5.36871854,43.23241043
0.000711,5.36871854,43.23241043
0.000712,5.37374367,42.10175718
0.000713,5.36871854,43.23241043
0.000714,5.44912055,43.23241043
0.000715,5.44912055,42.0263803
0.000716,5.52952256,42.0263803
0.000717,5.52952256,42.40326472
0.000718,5.57474869,42.0263803
0.000719,5.52952256,42.0263803
0.00072,5.60992457,43.15703355
0.000721,5.60992457,42.40326472
0.000722,5.64510045,43.23241043
0.000723,5.60992457,42.0263803
0.000724,5.69032658,43.15703355
0.000725,5.71545221,42.85552601
0.000726,5.72550246,42.0263803
0.000727,5.70540196,42.25251095
0.000728,5.77072859,43.23241043
0.000729,5.71545221,42.85552601
0.00073,5.77072859,42.55401848
0.000731,5.78580396,42.25251095
0.000732,5.8511306,42.10175718
0.000733,5.88128135,42.0263803
0.000734,5.8511306,42.70477225
0.000735,5.86620597,42.0263803
0.000736,5.8511306,42.10175718
0.000737,5.93153261,42.40326472
0.000738,5.93153261,42.55401848
0.000739,5.91645723,42.25251095
0.00074,5.93153261,43.23241043
0.000741,5.93153261,42.0263803
0.000742,5.93153261,42.0263803
0.000743,6.01193462,42.0263803
0.000744,5.93153261,42.0263803
0.000745,5.98680899,42.40326472
0.000746,5.96670849,43.23241043
0.000747,6.01193462,43.23241043
0.000748,6.01193462,42.10175718
0.000749,5.95665823,42.0263803
0.00075,6.01193462,42.0263803
0.000751,6.07726125,43.00627978
0.000752,6.01193462,43.23241043
0.000753,6.067211,42.0263803
0.000754,6.04711049,43.23241043
0.000755,6.01193462,43.00627978
0.000756,6.01193462,43.15703355
0.000757,6.09233662,42.40326472
0.000758,6.09233662,42.70477225
0.000759,6.09233662,42.25251095
0.00076,6.09233662,42.0263803
0.000761,6.09233662,42.85552601
0.000762,6.09233662,43.23241043
0.000763,6.107412,42.25251095
0.000764,6.17273863,42.10175718
0.000765,6.09233662,42.40326472
0.000766,6.17273863,42.55401848
0.000767,6.107412,42.4786416
0.000768,6.09736175,42.10175718
0.000769,6.17273863,42.85552601
0.00077,6.17273863,43.23241043
0.000771,6.17273863,43.00627978
0.000772,6.09233662,42.10175718
0.000773,6.17273863,43.23241043
0.000774,6.17273863,43.23241043
0.000775,6.17273863,43.00627978
0.000776,6.17273863,42.10175718
0.000777,6.17273863,42.0263803
0.000778,6.17273863,42.0263803
0.000779,6.17273863,42.25251095
0.00078,6.17273863,43.15703355
0.000781,6.17273863,42.40326472
0.000782,6.20791451,42.55401848
0.000783,6.25314064,42.25251095
0.000784,6.17776376,42.10175718
0.000785,6.17273863,42.40326472
0.000786,6.17273863,42.55401848
0.000787,6.17273863,43.00627978
0.000788,6.25314064,43.15703355
0.000789,6.19786426,42.40326472
0.00079,6.17273863,43.23241043
0.000791,6.18781401,42.0263803
0.000792,6.25314064,42.0263803
0.000793,6.25314064,43.23241043
0.000794,6.25314064,42.0263803
0.000795,6.25314064,42.0263803
0.000796,6.25816577,42.0263803
0.000797,6.22801502,42.40326472
0.000798,6.20791451,42.55401848
0.000799,6.18781401,43.00627978
0.0008,6.24811552,43.23241043
0.000801,6.17273863,42.85552601
0.000802,6.25314064,42.55401848
0.000803,6.23806527,42.0263803
0.000804,6.25314064,43.23241043
0.000805,6.25314064,43.23241043
0.000806,6.20791451,42.70477225
0.000807,6.18781401,43.23241043
0.000808,6.25314064,43.23241043
0.000809,6.25314064,42.85552601
0.00081,6.25314064,43.23241043
0.000811,6.25314064,43.00627978
0.000812,6.25314064,42.10175718
0.000813,6.25314064,42.85552601
0.000814,6.25314064,42.70477225
0.000815,6.25314064,43.23241043
0.000816,6.25314064,42.10175718
0.000817,6.25314064,42.85552601
0.000818,6.25314064,43.23241043
0.000819,6.31846728,43.23241043
0.00082,6.25314064,43.15703355
0.000821,6.25314064,43.23241043
0.000822,6.25314064,43.23241043
0.000823,6.25314064,42.0263803
0.000824,6.25314064,43.23241043
0.000825,6.25314064,42.0263803
0.000826,6.25314064,42.0263803
0.000827,6.25314064,42.25251095
0.000828,6.25314064,42.10175718
0.000829,6.25314064,42.85552601
0.00083,6.25314064,42.55401848
0.000831,6.25314064,43.00627978
0.000832,6.25314064,42.0263803
0.000833,6.25314064,42.85552601
0.000834,6.25314064,43.23241043
0.000835,6.25314064,43.00627978
0.000836,6.25314064,42.10175718
0.000837,6.25314064,42.40326472
0.000838,6.29836677,43.23241043
0.000839,6.25314064,43.23241043
0.00084,6.25816577,43.15703355
0.000841,6.25314064,42.40326472
0.000842,6.29836677,42.55401848
0.000843,6.33354265,43.00627978
0.000844,6.25816577,42.0263803
0.000845,6.25314064,43.23241043
0.000846,6.25314064,43.23241043
0.000847,6.25314064,43.23241043
0.000848,6.33354265,43.23241043
0.000849,6.27826627,43.23241043
0.00085,6.29836677,43.23241043
0.000851,6.25314064,43.23241043
0.000852,6.33354265,43.23241043
0.000853,6.27826627,43.23241043
0.000854,6.29836677,43.23241043
0.000855,6.26821602,43.23241043
0.000856,6.32851753,43.15703355
0.000857,6.25314064,42.40326472
0.000858,6.28831652,42.70477225
0.000859,6.25314064,42.0263803
0.00086,6.25314064,42.10175718
0.000861,6.30841702,42.85552601
0.000862,6.28831652,42.0263803
0.000863,6.25314064,43.23241043
0.000864,6.25816577,42.10175718
0.000865,6.25314064,43.23241043
0.000866,6.29836677,43.23241043
0.000867,6.26821602,43.00627978
0.000868,6.25816577,43.23241043
0.000869,6.25314064,42.40326472
0.00087,6.25314064,42.70477225
0.000871,6.31846728,43.23241043
0.000872,6.25816577,42.0263803
0.000873,6.30841702,43.68467173
0.000874,6.28831652,42.0263803
0.000875,6.25314064,43.00627978
0.000876,6.32851753,43.15703355
0.000877,6.27826627,42.0263803
0.000878,6.20791451,43.3831642
0.000879,6.33354265,43.23241043
0.00088,6.25314064,43.15703355
0.000881,6.25314064,42.40326472
0.000882,6.25314064,42.0263803
0.000883,6.26821602,43.00627978
0.000884,6.32851753,42.10175718
0.000885,6.25314064,43.23241043
0.000886,6.28831652,42.70477225
0.000887,6.31846728,42.0263803
0.000888,6.32851753,42.10175718
0.000889,6.25314064,43.23241043
0.00089,6.33354265,42.0263803
0.000891,6.33354265,43.23241043
0.000892,6.25314064,43.15703355
0.000893,6.27826627,42.85552601
0.000894,6.33354265,42.0263803
0.000895,6.31846728,42.0263803
0.000896,6.32851753,43.23241043
0.000897,6.30841702,42.85552601
0.000898,6.20791451,42.55401848
0.000899,6.25314064,43.00627978
0.0009,6.25314064,43.23241043
0.000901,6.25314064,43.23241043
0.000902,6.29836677,43.23241043
0.000903,6.25314064,43.00627978
0.000904,6.25314064,42.10175718
0.000905,6.27826627,43.23241043
0.000906,6.25314064,42.55401848
0.000907,6.25314064,43.00627978
0.000908,6.25816577,42.10175718
0.000909,6.27826627,42.85552601
0.00091,6.28831652,43.23241043
0.000911,6.31846728,43.23241043
0.000912,6.25314064,42.0263803
0.000913,6.27826627,43.23241043
0.000914,6.25314064,42.70477225
0.000915,6.26821602,42.25251095
0.000916,6.33354265,43.23241043
0.000917,6.33354265,42.0263803